{
  "name": "bootstrap",
  "description": "The most popular front-end framework for developing responsive, mobile first projects on the web.",
  "keywords": [
    "css",
    "js",
    "sass",
    "mobile-first",
    "responsive",
    "front-end",
    "framework",
    "web"
  ],
  "homepage": "https://getbootstrap.com",
  "license": "MIT",
  "moduleType": "globals",
  "main": [
    "scss/bootstrap.scss",
    "dist/js/bootstrap.js"
  ],
  "ignore": [
    "/.*",
    "/_*",
    "about",
    "assets",
    "docs",
    "js/tests",
    "nuget",
    "CNAME",
    "composer.json",
    "Gruntfile.js"
  ],
  "dependencies": {
    "jquery": ">=1.9.1",
    "popper.js": "^1.11.0"
  },
  "version": "4.0.0-beta",
  "_release": "4.0.0-beta",
  "_resolution": {
    "type": "version",
    "tag": "v4.0.0-beta",
    "commit": "35f80bb12e4e71fd777ee60ffa43711d8f84b1a6"
  },
  "_source": "https://github.com/twbs/bootstrap.git",
  "_target": "v4.0.0-beta",
  "_originalSource": "bootstrap",
  "_direct": true
}