{
  "name": "popper.js",
  "description": "A kickass library to manage your poppers",
  "main": "dist/umd/popper.js",
  "authors": [
    "Contributors (https://github.com/FezVrasta/popper.js/graphs/contributors)"
  ],
  "license": "MIT",
  "keywords": [
    "popperjs",
    "component",
    "drop",
    "tooltip",
    "popover",
    "position",
    "attached"
  ],
  "homepage": "https://popper.js.org",
  "ignore": [
    "**/.*",
    "node_modules",
    "bower_components",
    "tests"
  ],
  "version": "1.12.6",
  "_release": "1.12.6",
  "_resolution": {
    "type": "version",
    "tag": "v1.12.6",
    "commit": "ef87c99e389a304fa00e85d6372bf8cb596b9de8"
  },
  "_source": "https://github.com/FezVrasta/popper.js.git",
  "_target": "^1.11.0",
  "_originalSource": "popper.js"
}